branch,region,branch_manager,month,target_deposits,actual_deposits,target_new_customers,actual_new_customers,target_loans,actual_loans
Mumbai-Andheri,West,Meera Nair,2026-01,50000000,48200000,120,110,20000000,18500000
Mumbai-Andheri,West,Meera Nair,2026-02,52000000,55300000,120,134,21000000,22400000
Mumbai-Andheri,West,Meera Nair,2026-03,54000000,51900000,125,118,22000000,20100000
Mumbai-BKC,West,Rajesh Khanna,2026-01,90000000,94500000,80,88,40000000,42500000
Mumbai-BKC,West,Rajesh Khanna,2026-02,92000000,89700000,80,76,41000000,39800000
Mumbai-BKC,West,Rajesh Khanna,2026-03,95000000,101200000,85,92,42000000,45300000
Delhi-CP,North,Simran Kaur,2026-01,75000000,72300000,100,95,35000000,33200000
Delhi-CP,North,Simran Kaur,2026-02,77000000,80100000,100,108,36000000,38700000
Delhi-CP,North,Simran Kaur,2026-03,80000000,78600000,105,101,37000000,35900000
Chennai-TNagar,South,Karthik Raman,2026-01,45000000,46800000,90,97,18000000,19200000
Chennai-TNagar,South,Karthik Raman,2026-02,46000000,44100000,90,84,19000000,17600000
Chennai-TNagar,South,Karthik Raman,2026-03,48000000,49900000,95,103,20000000,21400000
Pune-Kothrud,West,Anjali Deshmukh,2026-01,40000000,38900000,85,79,16000000,15200000
Pune-Kothrud,West,Anjali Deshmukh,2026-02,42000000,43600000,85,91,17000000,18300000
Pune-Kothrud,West,Anjali Deshmukh,2026-03,44000000,42100000,90,86,18000000,16900000
Bengaluru-MG,South,Vikram Shetty,2026-01,85000000,88700000,110,121,38000000,40100000
Bengaluru-MG,South,Vikram Shetty,2026-02,87000000,84300000,110,104,39000000,37200000
Bengaluru-MG,South,Vikram Shetty,2026-03,90000000,95600000,115,127,40000000,43800000
Kolkata-Park,East,Sourav Das,2026-01,38000000,36500000,75,70,14000000,13100000
Kolkata-Park,East,Sourav Das,2026-02,39000000,41200000,75,82,15000000,16400000
Kolkata-Park,East,Sourav Das,2026-03,41000000,39800000,80,77,16000000,15200000
Hyderabad-Banjara,South,Farah Sheikh,2026-01,55000000,57300000,95,102,24000000,25600000
Hyderabad-Banjara,South,Farah Sheikh,2026-02,57000000,54800000,95,89,25000000,23400000
Hyderabad-Banjara,South,Farah Sheikh,2026-03,59000000,61500000,100,108,26000000,27900000
Jaipur-MI,North,Mahesh Sharma,2026-01,35000000,33800000,70,65,13000000,12200000
Jaipur-MI,North,Mahesh Sharma,2026-02,36000000,38100000,70,76,14000000,15100000
Jaipur-MI,North,Mahesh Sharma,2026-03,38000000,36900000,75,72,15000000,14300000
Ahmedabad-CG,West,Nirav Shah,2026-01,48000000,49700000,88,94,20000000,21300000
Ahmedabad-CG,West,Nirav Shah,2026-02,50000000,47600000,88,83,21000000,19800000
Ahmedabad-CG,West,Nirav Shah,2026-03,52000000,54200000,92,99,22000000,23600000
